{
  "timestamp": "2025-11-10T14:24:38.069954",
  "camera": {
    "index": 1,
    "frame_width": 640,
    "frame_height": 480,
    "center_point_px": [
      268,
      253
    ]
  },
  "ball_detection": {
    "lower_hsv": [
      0.0,
      0.0,
      78.95
    ],
    "upper_hsv": [
      179.0,
      238.9,
      244.05
    ]
  },
  "calibration": {
    "pixel_to_meter_ratio": 0.00041802032846986867,
    "platform_points": [
      [
        164,
        74
      ],
      [
        475,
        253
      ],
      [
        167,
        433
      ]
    ],
    "unit_vectors": {
      "u1": [
        0.5040706374154134,
        0.863662429711759
      ],
      "u2": [
        -0.999998695068075,
        0.0016155067771697956
      ],
      "u3": [
        0.49248284886542865,
        -0.8703221493064458
      ]
    }
  }
}