{
  "timestamp": "2025-11-17T12:29:39.968524",
  "camera": {
    "index": 1,
    "frame_width": 640,
    "frame_height": 480,
    "center_point_px": [
      302,
      253
    ]
  },
  "ball_detection": {
    "lower_hsv": [
      10.0,
      125.8,
      130.8
    ],
    "upper_hsv": [
      24.0,
      255.0,
      245.2
    ]
  },
  "calibration": {
    "pixel_to_meter_ratio": 0.0004198404237909741,
    "platform_points": [
      [
        465,
        123
      ],
      [
        333,
        455
      ],
      [
        109,
        181
      ]
    ],
    "unit_vectors": {
      "u1": [
        -0.7811810593191812,
        0.6243045351116406
      ],
      "u2": [
        -0.15009534721388562,
        -0.9886715262132025
      ],
      "u3": [
        0.9371235651807209,
        0.3489977415155789
      ]
    }
  }
}