{
  "timestamp": "2025-11-18T10:48:24.813424",
  "camera": {
    "index": 1,
    "frame_width": 640,
    "frame_height": 480,
    "center_point_px": [
      297,
      248
    ]
  },
  "ball_detection": {
    "lower_hsv": [
      11.0,
      147.6,
      164.0
    ],
    "upper_hsv": [
      25.0,
      246.4,
      241.0
    ]
  },
  "calibration": {
    "pixel_to_meter_ratio": 0.00042283056607789665,
    "platform_points": [
      [
        454,
        117
      ],
      [
        329,
        449
      ],
      [
        110,
        179
      ]
    ],
    "unit_vectors": {
      "u1": [
        -0.7656727026200426,
        0.6432303727767523
      ],
      "u2": [
        -0.15427674650938886,
        -0.9880276744537462
      ],
      "u3": [
        0.9380298255605286,
        0.3465545359086855
      ]
    }
  }
}