{
  "timestamp": "2025-11-12T11:35:42.851227",
  "camera": {
    "index": 1,
    "frame_width": 640,
    "frame_height": 480,
    "center_point_px": [
      300,
      228
    ]
  },
  "ball_detection": {
    "lower_hsv": [
      12.0,
      134.7,
      133.75
    ],
    "upper_hsv": [
      27.0,
      255.0,
      231.25
    ]
  },
  "calibration": {
    "pixel_to_meter_ratio": 0.00041926274578121055,
    "platform_points": [
      [
        503,
        240
      ],
      [
        183,
        400
      ],
      [
        214,
        46
      ]
    ],
    "unit_vectors": {
      "u1": [
        -0.9984451823558044,
        -0.05574242397388732
      ],
      "u2": [
        0.5639349226410468,
        -0.8258192314458636
      ],
      "u3": [
        0.42595604885570887,
        0.9047438557090249
      ]
    }
  }
}