{
  "timestamp": "2025-11-17T13:26:19.113561",
  "camera": {
    "index": 1,
    "frame_width": 640,
    "frame_height": 480,
    "center_point_px": [
      326,
      235
    ]
  },
  "ball_detection": {
    "lower_hsv": [
      10.0,
      133.5,
      135.4
    ],
    "upper_hsv": [
      24.0,
      250.5,
      244.6
    ]
  },
  "calibration": {
    "pixel_to_meter_ratio": 0.00042137158883493163,
    "platform_points": [
      [
        485,
        108
      ],
      [
        354,
        439
      ],
      [
        140,
        159
      ]
    ],
    "unit_vectors": {
      "u1": [
        -0.7799087883341266,
        0.6258931872765469
      ],
      "u2": [
        -0.1346065907493569,
        -0.9908991198536988
      ],
      "u3": [
        0.9253622630643374,
        0.3790840040102564
      ]
    }
  }
}