{
  "timestamp": "2025-11-17T11:24:43.014137",
  "camera": {
    "index": 1,
    "frame_width": 640,
    "frame_height": 480,
    "center_point_px": [
      307,
      252
    ]
  },
  "ball_detection": {
    "lower_hsv": [
      6.0,
      141.15,
      87.5
    ],
    "upper_hsv": [
      24.0,
      255.0,
      255.0
    ]
  },
  "calibration": {
    "pixel_to_meter_ratio": 0.00042490190029537866,
    "platform_points": [
      [
        469,
        124
      ],
      [
        341,
        453
      ],
      [
        112,
        181
      ]
    ],
    "unit_vectors": {
      "u1": [
        -0.7824402615964663,
        0.6227256514973937
      ],
      "u2": [
        -0.16572928425179578,
        -0.9861712854983091
      ],
      "u3": [
        0.9388072562147577,
        0.3444429353006363
      ]
    }
  }
}