{
  "timestamp": "2025-11-10T13:58:38.066906",
  "camera": {
    "index": 1,
    "frame_width": 640,
    "frame_height": 480,
    "center_point_px": [
      270,
      232
    ]
  },
  "ball_detection": {
    "lower_hsv": [
      11.0,
      148.3,
      152.0
    ],
    "upper_hsv": [
      24.0,
      249.7,
      220.0
    ]
  },
  "calibration": {
    "pixel_to_meter_ratio": 0.0004083012218309854,
    "unit_vectors": {
      "u1": [
        -0.9959954160677741,
        -0.08940431293836712
      ],
      "u2": [
        0.5795937094631322,
        -0.8149055969563385
      ],
      "u3": [
        0.4236641884331333,
        0.9058193282544234
      ]
    }
  }
}