{
  "timestamp": "2025-11-10T12:48:01.325250",
  "camera": {
    "index": 1,
    "frame_width": 640,
    "frame_height": 480,
    "center_point_px": [
      235,
      226
    ]
  },
  "ball_detection": {
    "lower_hsv": [
      10.0,
      126.6,
      151.0
    ],
    "upper_hsv": [
      24.0,
      251.4,
      221.0
    ]
  },
  "calibration": {
    "pixel_to_meter_ratio": 0.000432700908988543,
    "unit_vectors": {
      "u1": [
        -0.9830401110290539,
        0.18339067617516802
      ],
      "u2": [
        0.31772450341034875,
        -0.9481830730047058
      ],
      "u3": [
        0.6607016248012463,
        0.7506486281776537
      ]
    }
  }
}