{
  "timestamp": "2025-11-10T14:33:57.230208",
  "camera": {
    "index": 1,
    "frame_width": 640,
    "frame_height": 480,
    "center_point_px": [
      269,
      255
    ]
  },
  "ball_detection": {
    "lower_hsv": [
      10.0,
      137.05,
      178.0
    ],
    "upper_hsv": [
      24.0,
      231.95,
      232.0
    ]
  },
  "calibration": {
    "pixel_to_meter_ratio": 0.0004235379001941199,
    "platform_points": [
      [
        473,
        252
      ],
      [
        171,
        437
      ],
      [
        165,
        76
      ]
    ],
    "unit_vectors": {
      "u1": [
        -0.9998911760573357,
        0.014752492761501675
      ],
      "u2": [
        0.47659433576002297,
        -0.8791233355573395
      ],
      "u3": [
        0.5047703132520969,
        0.8632536885871847
      ]
    }
  }
}