{
  "timestamp": "2025-11-17T12:56:15.653894",
  "camera": {
    "index": 1,
    "frame_width": 640,
    "frame_height": 480,
    "center_point_px": [
      301,
      241
    ]
  },
  "ball_detection": {
    "lower_hsv": [
      10.0,
      143.95,
      148.05
    ],
    "upper_hsv": [
      24.0,
      231.05,
      255.0
    ]
  },
  "calibration": {
    "pixel_to_meter_ratio": 0.0004246362131053094,
    "platform_points": [
      [
        454,
        109
      ],
      [
        339,
        443
      ],
      [
        111,
        173
      ]
    ],
    "unit_vectors": {
      "u1": [
        -0.7548183662012159,
        0.6559338640787857
      ],
      "u2": [
        -0.1838954893818858,
        -0.9829458016518493
      ],
      "u3": [
        0.940656185967617,
        0.33936107584821207
      ]
    }
  }
}