{
  "timestamp": "2025-11-10T14:43:04.132530",
  "camera": {
    "index": 1,
    "frame_width": 640,
    "frame_height": 480,
    "center_point_px": [
      314,
      233
    ]
  },
  "ball_detection": {
    "lower_hsv": [
      11.0,
      156.15,
      141.35
    ],
    "upper_hsv": [
      24.0,
      255.0,
      233.65
    ]
  },
  "calibration": {
    "pixel_to_meter_ratio": 0.0004198404237909741,
    "platform_points": [
      [
        517,
        265
      ],
      [
        185,
        397
      ],
      [
        241,
        37
      ]
    ],
    "unit_vectors": {
      "u1": [
        -0.987762965329069,
        -0.15596257347301087
      ],
      "u2": [
        0.6192302347474623,
        -0.7852094729271946
      ],
      "u3": [
        0.35042511210615174,
        0.936590754174624
      ]
    }
  }
}