{
  "timestamp": "2025-11-18T09:40:06.008721",
  "camera": {
    "index": 1,
    "frame_width": 640,
    "frame_height": 480,
    "center_point_px": [
      311,
      229
    ]
  },
  "ball_detection": {
    "lower_hsv": [
      11.0,
      145.55,
      147.95
    ],
    "upper_hsv": [
      25.0,
      253.45,
      235.05
    ]
  },
  "calibration": {
    "pixel_to_meter_ratio": 0.00042443387623071954,
    "platform_points": [
      [
        479,
        112
      ],
      [
        329,
        432
      ],
      [
        125,
        143
      ]
    ],
    "unit_vectors": {
      "u1": [
        -0.82060641565478,
        0.5714937537595789
      ],
      "u2": [
        -0.08832341530089771,
        -0.9960918503379019
      ],
      "u3": [
        0.9076735170558236,
        0.4196770025096819
      ]
    }
  }
}